Time,Bid,Ask
2013.03.31 21:00:34.437,1.06027,1.06088
2013.03.31 21:01:34.490,1.06004,1.061
2013.03.31 21:01:52.379,1.06004,1.06112
2013.03.31 21:02:31.197,1.06006,1.06116
2013.03.31 21:03:12.854,1.06006,1.06103
2013.03.31 21:03:13.299,1.06006,1.06101
2013.03.31 21:03:17.258,1.06006,1.06103
2013.03.31 21:03:17.326,1.06006,1.06116
2013.03.31 21:03:17.387,1.06006,1.06101
2013.03.31 21:03:21.468,1.06006,1.06103
2013.03.31 21:03:21.527,1.06006,1.06116
2013.03.31 21:03:21.589,1.06006,1.061
2013.03.31 21:03:31.166,1.06003,1.061
2013.03.31 21:03:41.596,1.06003,1.06101
2013.03.31 21:04:01.522,1.06008,1.06103
2013.03.31 21:04:01.576,1.06008,1.06107
2013.03.31 21:04:21.667,1.06006,1.06109
2013.03.31 21:05:01.877,1.06004,1.06107
2013.03.31 21:05:26.093,1.0601,1.06107
2013.03.31 21:05:26.540,1.06018,1.06098
2013.03.31 21:06:06.197,1.06017,1.06097
2013.03.31 21:06:10.597,1.0602,1.06094
2013.03.31 21:07:10.667,1.06021,1.06097
2013.03.31 21:07:10.748,1.06019,1.06097
2013.03.31 21:08:06.370,1.06021,1.06099
2013.03.31 21:08:29.087,1.06023,1.06099
2013.03.31 21:09:46.820,1.06037,1.06083
2013.03.31 21:09:49.081,1.0603,1.06083
2013.03.31 21:10:09.117,1.06031,1.06083
2013.03.31 21:10:46.880,1.0603,1.06085
2013.03.31 21:12:03.698,1.06008,1.06107
2013.03.31 21:12:03.846,1.06014,1.06078
2013.03.31 21:12:04.088,1.06019,1.06084
2013.03.31 21:12:04.207,1.06018,1.06091
2013.03.31 21:12:07.658,1.0602,1.06091
2013.03.31 21:12:07.959,1.06039,1.06094
2013.03.31 21:12:08.028,1.06026,1.06078
2013.03.31 21:12:08.088,1.06024,1.06079
2013.03.31 21:12:08.148,1.06016,1.06079
2013.03.31 21:12:08.218,1.06013,1.06073
2013.03.31 21:12:08.397,1.06016,1.06077
2013.03.31 21:12:08.458,1.06017,1.0608
2013.03.31 21:12:09.428,1.06017,1.0608
2013.03.31 21:12:09.548,1.06024,1.06087
2013.03.31 21:12:09.608,1.06021,1.0609
2013.03.31 21:12:13.338,1.06024,1.0609
2013.03.31 21:12:13.518,1.0604,1.06096
2013.03.31 21:12:13.698,1.0604,1.06094
2013.03.31 21:12:13.818,1.06018,1.06069
2013.03.31 21:12:13.878,1.06011,1.0607
2013.03.31 21:12:14.118,1.06016,1.06077
2013.03.31 21:12:14.358,1.06016,1.06078
2013.03.31 21:12:14.917,1.06022,1.06081
2013.03.31 21:12:15.121,1.06022,1.06085
2013.03.31 21:12:15.178,1.06019,1.06088
2013.03.31 21:12:35.088,1.06025,1.06088
2013.03.31 21:12:40.375,1.06027,1.06088
2013.03.31 21:12:40.618,1.0604,1.06102
2013.03.31 21:12:54.575,1.0604,1.06102
2013.03.31 21:13:00.588,1.06037,1.061
2013.03.31 21:13:15.906,1.06035,1.061
2013.03.31 21:13:19.711,1.06039,1.06101
2013.03.31 21:13:19.907,1.06039,1.06101
2013.03.31 21:13:20.028,1.06037,1.061
2013.03.31 21:13:20.088,1.0603,1.06097
2013.03.31 21:13:20.148,1.0603,1.06097
2013.03.31 21:13:20.369,1.0603,1.06097
2013.03.31 21:13:23.064,1.0603,1.06097
2013.03.31 21:13:25.858,1.0603,1.06097
2013.03.31 21:13:26.168,1.06037,1.06096
2013.03.31 21:13:26.411,1.06029,1.06097
2013.03.31 21:13:26.608,1.06029,1.06097
2013.03.31 21:13:30.544,1.06029,1.06097
2013.03.31 21:13:31.149,1.06036,1.06096
2013.03.31 21:13:31.338,1.06036,1.06096
2013.03.31 21:13:31.518,1.06034,1.06096
2013.03.31 21:14:09.374,1.06033,1.06088
2013.03.31 21:14:11.492,1.06041,1.0609
2013.03.31 21:14:11.578,1.06041,1.06093
2013.03.31 21:14:47.873,1.06037,1.06093
2013.03.31 21:14:47.928,1.06036,1.06093
2013.03.31 21:14:48.073,1.06033,1.06093
2013.03.31 21:14:48.948,1.06027,1.06089
2013.03.31 21:14:49.148,1.06021,1.06082
2013.03.31 21:14:52.918,1.06014,1.06075
2013.03.31 21:14:57.343,1.06014,1.06075
2013.03.31 21:14:57.518,1.06021,1.06081
2013.03.31 21:14:57.578,1.06021,1.06082
2013.03.31 21:15:05.043,1.06021,1.06082
2013.03.31 21:15:17.395,1.06023,1.06083
2013.03.31 21:15:18.132,1.06023,1.06084
2013.03.31 21:15:37.571,1.06026,1.06081
2013.03.31 21:15:53.113,1.06027,1.06081
2013.03.31 21:15:53.348,1.06032,1.06088
2013.03.31 21:16:13.289,1.06032,1.0609
2013.03.31 21:16:13.348,1.06036,1.06091
2013.03.31 21:16:53.361,1.0603,1.0609
2013.03.31 21:16:53.418,1.0603,1.06089
2013.03.31 21:16:56.038,1.06032,1.06089
2013.03.31 21:16:56.578,1.06037,1.06091
2013.03.31 21:17:16.576,1.06037,1.06091
2013.03.31 21:17:36.598,1.06036,1.06092
2013.03.31 21:17:37.285,1.06036,1.06091
2013.03.31 21:17:41.351,1.06036,1.06091
2013.03.31 21:17:41.528,1.0605,1.06099
2013.03.31 21:17:41.588,1.0605,1.06099
2013.03.31 21:17:41.908,1.06049,1.06104
2013.03.31 21:17:42.099,1.06045,1.06092
2013.03.31 21:17:42.218,1.06045,1.06093
2013.03.31 21:17:42.338,1.0605,1.06102
2013.03.31 21:17:42.398,1.06047,1.06102
2013.03.31 21:17:42.518,1.06046,1.06102
2013.03.31 21:17:42.578,1.06044,1.061
2013.03.31 21:17:42.728,1.06036,1.06091
2013.03.31 21:17:42.848,1.06033,1.06091
2013.03.31 21:17:44.320,1.06035,1.06091
2013.03.31 21:18:02.685,1.06036,1.06092
2013.03.31 21:18:03.413,1.06036,1.06095
2013.03.31 21:18:22.998,1.06036,1.06096
2013.03.31 21:18:42.994,1.06036,1.06096
2013.03.31 21:19:02.998,1.06032,1.06093
2013.03.31 21:19:03.058,1.06032,1.06089
2013.03.31 21:19:03.318,1.06024,1.06088
2013.03.31 21:19:03.378,1.06024,1.06082
2013.03.31 21:19:03.438,1.06026,1.0609
2013.03.31 21:19:03.498,1.0603,1.0609
2013.03.31 21:19:03.558,1.06021,1.06087
2013.03.31 21:19:03.909,1.06023,1.06078
2013.03.31 21:19:04.549,1.06023,1.06078
2013.03.31 21:19:04.948,1.06028,1.06086
2013.03.31 21:19:13.188,1.06032,1.0609
2013.03.31 21:19:13.248,1.06033,1.06093
2013.03.31 21:19:33.122,1.06033,1.06094
2013.03.31 21:19:33.791,1.06035,1.06095
2013.03.31 21:20:13.303,1.06036,1.06096
2013.03.31 21:20:14.082,1.06036,1.06098
2013.03.31 21:20:51.797,1.06038,1.06098
2013.03.31 21:21:10.945,1.06038,1.06098
2013.03.31 21:21:13.477,1.06038,1.06098
2013.03.31 21:21:22.047,1.06038,1.06096
2013.03.31 21:21:36.299,1.06037,1.06096
2013.03.31 21:22:33.788,1.06035,1.06095
2013.03.31 21:22:36.502,1.06032,1.06096
2013.03.31 21:23:50.441,1.06002,1.06079
2013.03.31 21:23:50.559,1.06015,1.06077
2013.03.31 21:23:50.643,1.06028,1.06085
2013.03.31 21:23:59.347,1.06029,1.06093
2013.03.31 21:23:59.468,1.06031,1.06093
2013.03.31 21:24:59.502,1.05993,1.06126
2013.03.31 21:24:59.569,1.06033,1.06098
2013.03.31 21:25:19.658,1.06033,1.06096
2013.03.31 21:25:28.858,1.06035,1.06094
2013.03.31 21:25:29.262,1.06031,1.06087
2013.03.31 21:25:29.583,1.06031,1.06087
2013.03.31 21:25:31.359,1.06031,1.06087
2013.03.31 21:25:42.389,1.06031,1.06087
2013.03.31 21:25:42.570,1.06038,1.06093
2013.03.31 21:25:42.783,1.06038,1.06091
2013.03.31 21:25:43.019,1.0603,1.06085
2013.03.31 21:25:43.113,1.0603,1.06085
2013.03.31 21:25:43.249,1.0602,1.06078
2013.03.31 21:26:03.289,1.06024,1.06079
2013.03.31 21:26:43.239,1.06021,1.06078
2013.03.31 21:27:03.538,1.06022,1.06081
2013.03.31 21:27:42.351,1.06025,1.06081
2013.03.31 21:27:42.669,1.06018,1.06075
2013.03.31 21:28:02.659,1.06017,1.06073
2013.03.31 21:28:06.379,1.06023,1.0608
2013.03.31 21:28:06.779,1.06018,1.06074
2013.03.31 21:28:06.839,1.06018,1.06074
2013.03.31 21:28:12.555,1.06018,1.06071
2013.03.31 21:28:26.781,1.06018,1.06071
2013.03.31 21:28:27.129,1.06014,1.06069
2013.03.31 21:29:07.620,1.06014,1.06069
2013.03.31 21:29:15.870,1.06014,1.06069
2013.03.31 21:29:16.249,1.0601,1.06062
2013.03.31 21:29:17.489,1.06012,1.06068
2013.03.31 21:29:42.820,1.06012,1.06068
2013.03.31 21:29:57.429,1.06011,1.06068
2013.03.31 21:30:00.659,1.0601,1.06066
2013.03.31 21:30:17.574,1.06014,1.06068
2013.03.31 21:30:17.629,1.06014,1.0607
2013.03.31 21:30:37.759,1.06015,1.06072
2013.03.31 21:30:41.569,1.06015,1.06072
2013.03.31 21:30:42.029,1.06022,1.06079
2013.03.31 21:30:42.110,1.06022,1.06079
2013.03.31 21:30:49.349,1.06015,1.06071
2013.03.31 21:31:09.409,1.06013,1.0607
2013.03.31 21:31:27.098,1.06013,1.0607
2013.03.31 21:31:27.369,1.06021,1.06078
2013.03.31 21:31:30.309,1.06021,1.06078
2013.03.31 21:31:30.479,1.06027,1.06083
2013.03.31 21:31:30.539,1.06027,1.06085
2013.03.31 21:31:30.829,1.06034,1.06091
2013.03.31 21:31:36.494,1.06032,1.06091
2013.03.31 21:31:36.801,1.06027,1.06084
2013.03.31 21:31:46.809,1.06027,1.06083
2013.03.31 21:31:47.001,1.06027,1.06082
2013.03.31 21:31:47.354,1.06021,1.06077
2013.03.31 21:32:04.830,1.06018,1.06074
2013.03.31 21:32:24.960,1.06015,1.06071
2013.03.31 21:32:44.940,1.06015,1.06072
2013.03.31 21:33:04.641,1.06013,1.06072
2013.03.31 21:33:06.627,1.06015,1.06072
2013.03.31 21:33:25.138,1.06014,1.06072
2013.03.31 21:33:29.623,1.06014,1.06069
2013.03.31 21:34:06.575,1.06014,1.06069
2013.03.31 21:34:25.143,1.06012,1.06079
2013.03.31 21:34:25.482,1.06002,1.06113
2013.03.31 21:34:29.030,1.06002,1.06079
2013.03.31 21:34:29.829,1.06002,1.06084
2013.03.31 21:35:16.749,1.06002,1.06086
2013.03.31 21:35:17.139,1.06002,1.06086
2013.03.31 21:35:25.657,1.06015,1.06079
2013.03.31 21:36:17.234,1.06011,1.0607
2013.03.31 21:36:38.419,1.06013,1.0607
2013.03.31 21:36:46.099,1.06012,1.06069
2013.03.31 21:37:09.851,1.06012,1.06069
2013.03.31 21:37:46.090,1.06007,1.06063
2013.03.31 21:38:06.158,1.06008,1.06064
2013.03.31 21:38:09.911,1.06005,1.06064
2013.03.31 21:38:14.832,1.06008,1.06064
2013.03.31 21:38:26.353,1.06009,1.06063
2013.03.31 21:39:06.440,1.06009,1.06062
2013.03.31 21:39:13.631,1.06009,1.06062
2013.03.31 21:39:26.538,1.06007,1.06062
2013.03.31 21:39:38.875,1.06007,1.06062
2013.03.31 21:40:26.653,1.05998,1.06095
2013.03.31 21:40:26.820,1.06006,1.06062
2013.03.31 21:40:39.114,1.06004,1.06062
2013.03.31 21:41:21.121,1.06006,1.06062
2013.03.31 21:41:21.491,1.06004,1.06062
2013.03.31 21:41:21.869,1.06009,1.06059
2013.03.31 21:41:25.788,1.06008,1.06059
2013.03.31 21:41:41.850,1.06008,1.06062
2013.03.31 21:41:56.041,1.06014,1.06068
2013.03.31 21:41:56.131,1.06014,1.06071
2013.03.31 21:42:16.210,1.06015,1.06071
2013.03.31 21:42:25.914,1.06014,1.06071
2013.03.31 21:42:36.101,1.06014,1.06071
2013.03.31 21:42:56.080,1.06013,1.06072
2013.03.31 21:43:15.567,1.06016,1.06069
2013.03.31 21:43:56.390,1.06012,1.06068
2013.03.31 21:44:15.604,1.0601,1.06069
2013.03.31 21:44:16.377,1.0601,1.0607
2013.03.31 21:44:49.312,1.0601,1.0607
2013.03.31 21:45:16.433,1.05993,1.06096
2013.03.31 21:45:49.217,1.05992,1.06103
2013.03.31 21:45:56.792,1.06003,1.06082
2013.03.31 21:46:56.873,1.05993,1.06085
2013.03.31 21:47:11.666,1.05993,1.06102
2013.03.31 21:47:13.603,1.06003,1.06102
2013.03.31 21:47:15.583,1.06003,1.06102
2013.03.31 21:47:57.271,1.06012,1.06068
2013.03.31 21:48:15.624,1.06009,1.06068
2013.03.31 21:48:22.801,1.06012,1.06065
2013.03.31 21:48:35.602,1.06012,1.06068
2013.03.31 21:48:57.304,1.06003,1.06075
2013.03.31 21:49:35.641,1.05992,1.06113
2013.03.31 21:49:37.617,1.06002,1.06078
2013.03.31 21:49:57.661,1.06007,1.06065
2013.03.31 21:50:00.401,1.06007,1.06065
2013.03.31 21:50:17.681,1.06003,1.06064
2013.03.31 21:50:18.284,1.06003,1.06062
2013.03.31 21:50:49.761,1.06003,1.0606
2013.03.31 21:50:49.821,1.05997,1.06054
2013.03.31 21:50:49.881,1.05997,1.06052
2013.03.31 21:50:50.001,1.05989,1.06045
2013.03.31 21:50:50.061,1.05979,1.06038
2013.03.31 21:50:50.299,1.05979,1.06038
2013.03.31 21:51:10.055,1.05979,1.06036
2013.03.31 21:51:10.764,1.05979,1.06035
2013.03.31 21:51:13.620,1.05979,1.06035
2013.03.31 21:51:14.610,1.05979,1.06035
2013.03.31 21:51:30.070,1.05979,1.06034
2013.03.31 21:51:30.587,1.05975,1.06029
2013.03.31 21:51:34.661,1.05975,1.06029
2013.03.31 21:51:50.134,1.05974,1.06029
2013.03.31 21:51:52.121,1.05974,1.06028
2013.03.31 21:51:52.301,1.05982,1.06037
2013.03.31 21:52:09.651,1.05982,1.06037
2013.03.31 21:52:10.051,1.05991,1.06044
2013.03.31 21:52:10.111,1.05991,1.06046
2013.03.31 21:53:09.845,1.05989,1.06046
2013.03.31 21:53:29.731,1.05956,1.06068
2013.03.31 21:53:30.111,1.05974,1.06055
2013.03.31 21:53:30.703,1.05987,1.06042
2013.03.31 21:53:50.096,1.05987,1.06043
2013.03.31 21:53:50.745,1.0599,1.06045
2013.03.31 21:54:26.051,1.05992,1.06043
2013.03.31 21:54:26.411,1.05976,1.06032
2013.03.31 21:54:26.712,1.0597,1.06025
2013.03.31 21:54:27.061,1.05962,1.0602
2013.03.31 21:54:27.391,1.05956,1.06012
2013.03.31 21:54:27.851,1.05968,1.06012
2013.03.31 21:54:28.021,1.05968,1.0602
2013.03.31 21:54:28.181,1.05968,1.0602
2013.03.31 21:54:28.307,1.05958,1.06012
2013.03.31 21:54:28.541,1.05964,1.06017
2013.03.31 21:54:28.601,1.05964,1.06019
2013.03.31 21:54:29.071,1.05959,1.06011
2013.03.31 21:54:29.131,1.05959,1.06011
2013.03.31 21:54:29.886,1.05959,1.06011
2013.03.31 21:54:30.221,1.05958,1.06004
2013.03.31 21:54:31.262,1.0594,1.05998
2013.03.31 21:54:31.321,1.0594,1.05998
2013.03.31 21:54:31.849,1.0594,1.05996
2013.03.31 21:54:32.087,1.0594,1.05996
2013.03.31 21:54:32.321,1.05938,1.05995
2013.03.31 21:54:32.875,1.05928,1.05984
2013.03.31 21:54:47.101,1.05928,1.05984
2013.03.31 21:54:47.421,1.05928,1.05984
2013.03.31 21:54:47.541,1.05926,1.05984
2013.03.31 21:54:53.921,1.05925,1.05978
2013.03.31 21:55:07.007,1.05922,1.05978
2013.03.31 21:55:25.591,1.05917,1.05972
2013.03.31 21:55:25.863,1.05926,1.05977
2013.03.31 21:55:25.921,1.05926,1.05979
2013.03.31 21:55:30.351,1.05933,1.05986
2013.03.31 21:55:50.404,1.05933,1.05985
2013.03.31 21:55:50.462,1.05929,1.05984
2013.03.31 21:56:10.562,1.0593,1.05984
2013.03.31 21:56:25.804,1.05929,1.05984
2013.03.31 21:56:30.475,1.05929,1.05984
2013.03.31 21:56:37.825,1.05929,1.05983
2013.03.31 21:56:40.371,1.05929,1.05983
2013.03.31 21:56:40.582,1.05929,1.05983
2013.03.31 21:56:43.524,1.05923,1.05977
2013.03.31 21:56:43.976,1.05923,1.05977
2013.03.31 21:56:45.535,1.05923,1.05977
2013.03.31 21:56:45.751,1.05923,1.05973
2013.03.31 21:56:46.088,1.05908,1.05963
2013.03.31 21:56:46.413,1.05896,1.05963
2013.03.31 21:56:46.691,1.05898,1.05963
2013.03.31 21:56:46.871,1.05898,1.05961
2013.03.31 21:56:47.266,1.05871,1.05963
2013.03.31 21:56:47.342,1.05878,1.05973
2013.03.31 21:56:47.625,1.05878,1.05973
2013.03.31 21:56:48.123,1.05872,1.05964
2013.03.31 21:56:48.443,1.05869,1.05959
2013.03.31 21:56:48.835,1.05869,1.05962
2013.03.31 21:56:49.061,1.05863,1.05963
2013.03.31 21:56:49.385,1.05863,1.05955
2013.03.31 21:56:49.622,1.05858,1.05954
2013.03.31 21:56:49.830,1.05858,1.05949
2013.03.31 21:56:50.192,1.05848,1.05944
2013.03.31 21:56:50.375,1.05848,1.05944
2013.03.31 21:56:50.553,1.0586,1.05934
2013.03.31 21:56:51.364,1.0586,1.05934
2013.03.31 21:56:51.481,1.0587,1.05938
2013.03.31 21:56:53.141,1.05872,1.0593
2013.03.31 21:56:53.382,1.05863,1.05941
2013.03.31 21:56:53.821,1.05863,1.0593
2013.03.31 21:56:55.326,1.05863,1.05924
2013.03.31 21:56:55.874,1.05863,1.05919
2013.03.31 21:56:55.932,1.05858,1.05919
2013.03.31 21:56:56.114,1.05852,1.05917
2013.03.31 21:56:56.252,1.05819,1.05914
2013.03.31 21:56:56.372,1.05819,1.05914
2013.03.31 21:56:56.552,1.05819,1.05926
2013.03.31 21:56:56.881,1.05824,1.05898
2013.03.31 21:56:57.061,1.05823,1.05903
2013.03.31 21:56:57.192,1.05823,1.05903
2013.03.31 21:56:57.533,1.05818,1.05878
2013.03.31 21:56:57.591,1.0582,1.05879
2013.03.31 21:56:58.311,1.0582,1.05889
2013.03.31 21:56:58.631,1.0582,1.05889
2013.03.31 21:56:59.473,1.05821,1.05891
2013.03.31 21:56:59.632,1.05821,1.05891
2013.03.31 21:56:59.752,1.05825,1.05893
2013.03.31 21:57:06.534,1.05825,1.05893
2013.03.31 21:57:07.092,1.05825,1.05893
2013.03.31 21:57:08.396,1.05824,1.05916
2013.03.31 21:57:17.101,1.05824,1.05916
2013.03.31 21:57:18.692,1.0583,1.05926
2013.03.31 21:57:24.354,1.0584,1.05926
2013.03.31 21:57:24.592,1.05849,1.05926
2013.03.31 21:57:25.132,1.0583,1.05919
2013.03.31 21:57:25.564,1.0583,1.05917
2013.03.31 21:57:42.064,1.05842,1.05917
2013.03.31 21:57:42.616,1.05842,1.05916
2013.03.31 21:57:42.853,1.05838,1.05916
2013.03.31 21:57:46.696,1.05851,1.0591
2013.03.31 21:57:50.534,1.05851,1.05914
2013.03.31 21:57:50.712,1.05843,1.05914
2013.03.31 21:57:51.854,1.05843,1.05904
2013.03.31 21:57:52.172,1.05851,1.05916
2013.03.31 21:57:52.232,1.05843,1.05906
2013.03.31 21:57:52.624,1.05843,1.05899
2013.03.31 21:57:52.962,1.05837,1.05899
2013.03.31 21:57:53.082,1.05837,1.05899
2013.03.31 21:57:53.202,1.05837,1.0589
2013.03.31 21:57:53.262,1.05842,1.05898
2013.03.31 21:57:53.322,1.05842,1.05899
2013.03.31 21:57:53.641,1.05842,1.05905
2013.03.31 21:57:54.782,1.05843,1.05907
2013.03.31 21:57:55.814,1.05843,1.05898
2013.03.31 21:57:57.354,1.05852,1.05896
2013.03.31 21:58:00.082,1.05846,1.05887
2013.03.31 21:58:01.102,1.05852,1.05887
2013.03.31 21:58:01.162,1.05852,1.05893
2013.03.31 21:58:01.303,1.05848,1.05883
2013.03.31 21:58:01.605,1.05848,1.05877
2013.03.31 21:58:04.192,1.05851,1.05889
2013.03.31 21:58:12.591,1.05849,1.05914
2013.03.31 21:58:12.652,1.05863,1.05914
2013.03.31 21:58:12.772,1.05849,1.05895
2013.03.31 21:58:13.852,1.05847,1.05887
2013.03.31 21:58:14.591,1.05868,1.05893
2013.03.31 21:58:14.802,1.05847,1.05898
2013.03.31 21:58:15.692,1.05847,1.05893
2013.03.31 21:58:16.162,1.05847,1.05914
2013.03.31 21:58:16.761,1.05847,1.05893
2013.03.31 21:58:17.300,1.05847,1.05887
2013.03.31 21:58:28.574,1.05847,1.05887
2013.03.31 21:58:28.661,1.05847,1.05887
2013.03.31 21:58:28.990,1.05832,1.05875
2013.03.31 21:58:29.112,1.05832,1.05878
2013.03.31 21:58:29.171,1.05832,1.05878
2013.03.31 21:58:29.678,1.05832,1.05878
2013.03.31 21:58:29.792,1.05832,1.05881
2013.03.31 21:58:29.852,1.0584,1.05883
2013.03.31 21:58:30.113,1.0584,1.05883
2013.03.31 21:58:34.074,1.0584,1.05883
2013.03.31 21:58:34.392,1.05849,1.05893
2013.03.31 21:58:34.452,1.05849,1.05897
2013.03.31 21:58:56.622,1.05849,1.05901
2013.03.31 21:58:57.062,1.05849,1.05894
2013.03.31 21:58:57.855,1.05849,1.05902
2013.03.31 21:59:01.579,1.05856,1.05899
2013.03.31 21:59:07.177,1.05884,1.05899
2013.03.31 21:59:07.312,1.05884,1.05899
2013.03.31 21:59:07.372,1.05856,1.05899
2013.03.31 21:59:12.363,1.05853,1.05893
2013.03.31 21:59:12.783,1.05852,1.05873
2013.03.31 21:59:13.862,1.05852,1.05886
2013.03.31 21:59:18.645,1.05852,1.05873
2013.03.31 21:59:18.822,1.05852,1.05884
2013.03.31 21:59:19.143,1.05852,1.0589
2013.03.31 21:59:19.622,1.05852,1.05893
2013.03.31 21:59:24.883,1.05852,1.05885
2013.03.31 21:59:25.189,1.05852,1.05883
2013.03.31 21:59:25.262,1.05852,1.05892
2013.03.31 21:59:25.867,1.05853,1.05893
2013.03.31 21:59:26.412,1.05852,1.05893
2013.03.31 21:59:37.202,1.0585,1.05889
2013.03.31 21:59:37.553,1.05853,1.05889
2013.03.31 21:59:38.154,1.05853,1.05894
2013.03.31 21:59:43.103,1.05857,1.05898
2013.03.31 21:59:45.199,1.05853,1.05893
2013.03.31 21:59:45.419,1.05856,1.05899
2013.03.31 21:59:45.562,1.05856,1.05895
2013.03.31 21:59:46.662,1.05852,1.05893
2013.03.31 21:59:48.279,1.05857,1.05898
2013.03.31 21:59:48.915,1.05852,1.05893
2013.03.31 22:00:01.932,1.05861,1.05899
2013.03.31 22:00:02.922,1.05866,1.05904
2013.03.31 22:00:03.992,1.05901,1.05957
2013.03.31 22:00:04.112,1.05912,1.05953
2013.03.31 22:00:05.672,1.05891,1.05953
2013.03.31 22:00:05.792,1.05886,1.05953
2013.03.31 22:00:05.852,1.05872,1.05953
2013.03.31 22:00:05.943,1.05872,1.05941
2013.03.31 22:00:06.272,1.05872,1.05939
2013.03.31 22:00:06.593,1.05872,1.05927
2013.03.31 22:00:07.635,1.05871,1.05927
2013.03.31 22:00:07.995,1.05871,1.05922
2013.03.31 22:00:08.312,1.05887,1.05921
2013.03.31 22:00:08.432,1.05887,1.05927
2013.03.31 22:00:10.742,1.05882,1.05923
2013.03.31 22:00:16.872,1.05882,1.0592
2013.03.31 22:00:18.033,1.05882,1.05922
2013.03.31 22:00:18.599,1.05882,1.05923
2013.03.31 22:00:22.533,1.05882,1.05922
2013.03.31 22:00:22.592,1.05882,1.05918
2013.03.31 22:00:24.332,1.05886,1.05922
2013.03.31 22:00:26.282,1.05886,1.05918
2013.03.31 22:00:26.608,1.05886,1.05915
2013.03.31 22:00:26.763,1.05886,1.05921
2013.03.31 22:00:26.892,1.05886,1.05924
2013.03.31 22:00:27.072,1.05881,1.05919
2013.03.31 22:00:27.652,1.05881,1.05909
2013.03.31 22:00:27.841,1.05877,1.05913
2013.03.31 22:00:28.112,1.05876,1.05919
2013.03.31 22:00:28.312,1.05881,1.05914
2013.03.31 22:00:31.633,1.05866,1.05914
2013.03.31 22:00:34.552,1.05877,1.05913
2013.03.31 22:00:39.061,1.05866,1.05914
2013.03.31 22:00:39.188,1.05871,1.05914
2013.03.31 22:00:39.489,1.05866,1.05914
2013.03.31 22:00:41.811,1.05872,1.05918
2013.03.31 22:00:42.552,1.05873,1.05918
2013.03.31 22:00:43.257,1.05872,1.05918
2013.03.31 22:00:44.162,1.05867,1.05913
2013.03.31 22:00:44.482,1.05872,1.05918
2013.03.31 22:00:44.603,1.05867,1.05918
2013.03.31 22:00:45.372,1.05871,1.05919
2013.03.31 22:00:45.882,1.05877,1.05913
2013.03.31 22:00:46.228,1.05879,1.05913
2013.03.31 22:00:46.282,1.05877,1.05913
2013.03.31 22:00:46.342,1.05877,1.05923
2013.03.31 22:00:47.513,1.05877,1.05917
2013.03.31 22:00:48.353,1.05877,1.05913
2013.03.31 22:00:50.842,1.05887,1.05917
2013.03.31 22:00:57.472,1.05887,1.05918
2013.03.31 22:01:02.388,1.05892,1.05921
2013.03.31 22:01:02.573,1.05892,1.05923
2013.03.31 22:01:03.051,1.05897,1.05926
2013.03.31 22:01:06.790,1.05896,1.05926
2013.03.31 22:01:07.033,1.05896,1.05933
2013.03.31 22:01:08.903,1.05896,1.05929
2013.03.31 22:01:09.363,1.05901,1.05933
2013.03.31 22:01:11.938,1.05901,1.05934
2013.03.31 22:01:12.113,1.05901,1.05938
2013.03.31 22:01:14.822,1.05902,1.05938
2013.03.31 22:01:14.943,1.05902,1.05932
2013.03.31 22:01:25.852,1.05907,1.05932
2013.03.31 22:01:26.093,1.05907,1.05938
2013.03.31 22:01:26.275,1.05907,1.05934
2013.03.31 22:01:26.797,1.05907,1.05933
2013.03.31 22:01:28.133,1.05907,1.0593
2013.03.31 22:01:28.193,1.05896,1.05929
2013.03.31 22:01:28.252,1.05896,1.05927
2013.03.31 22:01:30.783,1.05896,1.05918
2013.03.31 22:01:30.903,1.05896,1.05923
2013.03.31 22:01:31.362,1.05901,1.05923
2013.03.31 22:01:31.423,1.05901,1.05925
2013.03.31 22:01:31.484,1.05901,1.05929
2013.03.31 22:01:31.803,1.05901,1.05925
2013.03.31 22:01:32.543,1.05901,1.05923
2013.03.31 22:01:32.902,1.05901,1.05921
2013.03.31 22:01:34.643,1.05897,1.05921
2013.03.31 22:01:49.093,1.05897,1.05924
2013.03.31 22:01:49.800,1.05892,1.05923
2013.03.31 22:01:55.663,1.05896,1.05929
2013.03.31 22:01:58.103,1.05902,1.05929
2013.03.31 22:01:58.283,1.05902,1.05932
2013.03.31 22:01:58.403,1.05897,1.05928
2013.03.31 22:01:58.583,1.05897,1.05922
2013.03.31 22:01:59.613,1.05901,1.05926
2013.03.31 22:02:00.030,1.05892,1.05923
2013.03.31 22:02:05.034,1.05892,1.05922
2013.03.31 22:02:05.095,1.05892,1.0592
2013.03.31 22:02:05.863,1.05896,1.0592
2013.03.31 22:02:08.279,1.05892,1.0592
2013.03.31 22:02:08.955,1.05886,1.05919
2013.03.31 22:02:10.134,1.05886,1.05913
2013.03.31 22:02:10.445,1.05886,1.05911
2013.03.31 22:02:13.280,1.05892,1.05911
2013.03.31 22:02:23.973,1.05892,1.05916
2013.03.31 22:02:43.695,1.05892,1.05917
2013.03.31 22:02:43.755,1.05892,1.0592
2013.03.31 22:02:45.703,1.05892,1.05915
2013.03.31 22:02:46.254,1.05892,1.05916
2013.03.31 22:02:46.313,1.05892,1.05919
2013.03.31 22:02:46.573,1.05892,1.05914
2013.03.31 22:02:52.483,1.05892,1.05911
2013.03.31 22:02:56.883,1.05886,1.05911
2013.03.31 22:02:57.014,1.05886,1.05908
2013.03.31 22:02:57.347,1.05886,1.05905
2013.03.31 22:02:59.033,1.05886,1.05912
2013.03.31 22:02:59.093,1.05891,1.05912
2013.03.31 22:02:59.274,1.05891,1.05916
2013.03.31 22:02:59.334,1.05891,1.05923
2013.03.31 22:03:01.808,1.05891,1.05918
2013.03.31 22:03:20.583,1.05891,1.05912
2013.03.31 22:03:20.643,1.05887,1.05912
2013.03.31 22:03:39.065,1.05887,1.05914
2013.03.31 22:03:39.133,1.05878,1.05913
2013.03.31 22:03:39.194,1.05878,1.0591
2013.03.31 22:03:39.553,1.05877,1.05905
2013.03.31 22:03:39.873,1.05877,1.05901
2013.03.31 22:03:46.453,1.05877,1.05905
2013.03.31 22:03:46.633,1.05877,1.0591
2013.03.31 22:03:46.943,1.05877,1.05904
2013.03.31 22:03:47.303,1.05877,1.05901
2013.03.31 22:03:49.814,1.05877,1.05906
2013.03.31 22:03:49.874,1.05887,1.05906
2013.03.31 22:03:57.363,1.05872,1.05906
2013.03.31 22:03:57.603,1.05872,1.05901
2013.03.31 22:04:07.853,1.05866,1.05906
2013.03.31 22:04:07.913,1.05865,1.05908
2013.03.31 22:04:08.163,1.05865,1.05908
2013.03.31 22:04:20.062,1.05866,1.05908
2013.03.31 22:04:20.135,1.0587,1.05911
2013.03.31 22:04:25.093,1.0587,1.05911
2013.03.31 22:04:26.620,1.05869,1.0591
2013.03.31 22:04:27.542,1.0587,1.0591
2013.03.31 22:04:27.614,1.0587,1.05911
2013.03.31 22:04:28.163,1.0587,1.05911
2013.03.31 22:04:31.933,1.0587,1.05911
2013.03.31 22:04:32.538,1.0587,1.05911
2013.03.31 22:04:33.383,1.0587,1.0591
2013.03.31 22:04:34.069,1.05864,1.05905
2013.03.31 22:04:37.953,1.05877,1.05909
2013.03.31 22:04:38.013,1.05876,1.05916
2013.03.31 22:04:39.154,1.05872,1.05912
2013.03.31 22:04:39.493,1.05866,1.05907
2013.03.31 22:04:40.117,1.05866,1.05904
2013.03.31 22:04:49.534,1.05866,1.05907
2013.03.31 22:04:50.003,1.05875,1.05914
2013.03.31 22:04:50.123,1.05868,1.05909
2013.03.31 22:04:50.483,1.05864,1.05905
2013.03.31 22:05:04.103,1.05859,1.05901
2013.03.31 22:05:04.773,1.05865,1.05907
2013.03.31 22:05:04.953,1.0586,1.05901
2013.03.31 22:05:13.613,1.05864,1.05907
2013.03.31 22:05:18.077,1.05864,1.05907
2013.03.31 22:05:33.542,1.05867,1.05907
2013.03.31 22:05:53.673,1.05868,1.05908
2013.03.31 22:05:59.633,1.05868,1.0591
2013.03.31 22:06:13.346,1.05868,1.0591
2013.03.31 22:06:13.895,1.05871,1.05911
2013.03.31 22:06:33.683,1.05872,1.05912
2013.03.31 22:06:40.673,1.05872,1.05912
2013.03.31 22:07:13.908,1.05869,1.05911
2013.03.31 22:07:20.175,1.05869,1.05909
2013.03.31 22:07:29.963,1.05869,1.05909
2013.03.31 22:08:02.834,1.05866,1.05906
2013.03.31 22:08:35.226,1.05871,1.05908
2013.03.31 22:09:01.554,1.05871,1.05908
2013.03.31 22:09:24.854,1.05868,1.05908
2013.03.31 22:09:33.574,1.05868,1.05907
2013.03.31 22:09:33.995,1.05866,1.05903
2013.03.31 22:09:34.354,1.05862,1.05899
2013.03.31 22:09:34.534,1.0586,1.05898
2013.03.31 22:09:51.034,1.0586,1.05897
2013.03.31 22:09:51.410,1.0586,1.05894
2013.03.31 22:09:53.824,1.0586,1.05894
2013.03.31 22:09:54.335,1.05856,1.05894
2013.03.31 22:09:54.395,1.05856,1.05891
2013.03.31 22:10:00.605,1.0585,1.0589
2013.03.31 22:10:01.034,1.0585,1.05888
2013.03.31 22:10:01.470,1.05853,1.05886
2013.03.31 22:10:03.875,1.05853,1.05883
2013.03.31 22:10:04.216,1.05846,1.05879
2013.03.31 22:10:05.114,1.05846,1.05879
2013.03.31 22:10:07.905,1.05845,1.05879
2013.03.31 22:10:10.555,1.05847,1.05883
2013.03.31 22:10:10.844,1.05847,1.05883
2013.03.31 22:10:18.124,1.05845,1.05885
2013.03.31 22:10:18.296,1.05845,1.05885
2013.03.31 22:10:20.293,1.05846,1.05885
2013.03.31 22:10:20.475,1.05842,1.05884
2013.03.31 22:10:21.071,1.05838,1.05879
2013.03.31 22:10:40.565,1.05845,1.05881
2013.03.31 22:10:43.597,1.05845,1.05881
2013.03.31 22:10:54.107,1.05845,1.05881
2013.03.31 22:11:00.564,1.05846,1.05883
2013.03.31 22:11:20.467,1.05839,1.05884
2013.03.31 22:11:26.846,1.05845,1.05887
2013.03.31 22:11:26.916,1.05845,1.05887
2013.03.31 22:11:30.677,1.05844,1.05887
2013.03.31 22:11:30.988,1.05844,1.05884
2013.03.31 22:11:31.755,1.05844,1.05884
2013.03.31 22:11:39.977,1.05844,1.05884
2013.03.31 22:12:21.884,1.05843,1.05883
2013.03.31 22:12:30.945,1.05842,1.05883
2013.03.31 22:12:31.548,1.05842,1.05881
2013.03.31 22:12:39.305,1.05843,1.05884
2013.03.31 22:12:49.435,1.05843,1.05883
2013.03.31 22:12:50.955,1.05843,1.05884
2013.03.31 22:12:57.324,1.05845,1.05883
2013.03.31 22:13:17.369,1.0584,1.05883
2013.03.31 22:13:30.300,1.0584,1.0588
2013.03.31 22:14:08.404,1.05843,1.05881
2013.03.31 22:14:10.405,1.05845,1.05881
2013.03.31 22:14:17.691,1.05846,1.05881
2013.03.31 22:14:34.549,1.05846,1.05879
2013.03.31 22:14:43.189,1.05845,1.05879
2013.03.31 22:14:43.615,1.05845,1.05879
2013.03.31 22:14:47.468,1.05846,1.05878
2013.03.31 22:14:55.577,1.05846,1.05879
2013.03.31 22:15:07.452,1.05848,1.05882
2013.03.31 22:15:27.577,1.0585,1.05882
2013.03.31 22:15:47.482,1.05856,1.05887
2013.03.31 22:15:50.386,1.05856,1.05888
2013.03.31 22:15:51.799,1.05856,1.05888
2013.03.31 22:15:52.349,1.05856,1.05888
2013.03.31 22:15:52.585,1.0586,1.05893
2013.03.31 22:15:57.336,1.05864,1.05898
2013.03.31 22:16:00.378,1.05864,1.05898
2013.03.31 22:16:00.735,1.05871,1.05903
2013.03.31 22:16:05.535,1.05871,1.05901
2013.03.31 22:16:05.716,1.05871,1.05903
2013.03.31 22:16:06.098,1.05871,1.05904
2013.03.31 22:16:25.713,1.05868,1.05899
2013.03.31 22:16:50.285,1.05865,1.05895
2013.03.31 22:16:54.585,1.05862,1.05892
2013.03.31 22:16:55.975,1.05861,1.05887
2013.03.31 22:16:56.649,1.05861,1.05885
2013.03.31 22:16:56.855,1.05854,1.05885
2013.03.31 22:16:57.035,1.05854,1.05883
2013.03.31 22:16:57.095,1.05848,1.05881
2013.03.31 22:17:00.147,1.05848,1.05881
2013.03.31 22:17:00.739,1.05848,1.0588
2013.03.31 22:17:17.286,1.05846,1.05879
2013.03.31 22:17:21.095,1.05846,1.05879
2013.03.31 22:17:23.395,1.0585,1.0588
2013.03.31 22:17:23.946,1.0585,1.0588
2013.03.31 22:17:24.436,1.05853,1.0588
2013.03.31 22:17:24.736,1.05859,1.05891
2013.03.31 22:17:24.867,1.05856,1.05888
2013.03.31 22:17:25.346,1.0586,1.05892
2013.03.31 22:17:25.405,1.0586,1.05892
2013.03.31 22:17:33.607,1.05856,1.05888
2013.03.31 22:17:53.605,1.05853,1.05885
2013.03.31 22:17:55.126,1.05853,1.05885
2013.03.31 22:18:08.247,1.05857,1.05888
2013.03.31 22:18:08.308,1.05857,1.05889
2013.03.31 22:18:08.558,1.05855,1.05889
2013.03.31 22:18:19.597,1.05852,1.05885
2013.03.31 22:18:28.758,1.05852,1.05885
2013.03.31 22:19:08.823,1.0585,1.05885
2013.03.31 22:19:19.545,1.0585,1.05883
2013.03.31 22:19:19.845,1.05847,1.05878
2013.03.31 22:19:20.146,1.05846,1.05878
2013.03.31 22:19:34.096,1.05846,1.05878
2013.03.31 22:19:39.145,1.05841,1.05873
2013.03.31 22:19:47.226,1.05843,1.05871
2013.03.31 22:19:48.356,1.05843,1.05868
2013.03.31 22:20:07.107,1.05843,1.05868
2013.03.31 22:20:08.866,1.05841,1.05863
2013.03.31 22:20:09.846,1.05834,1.05857
2013.03.31 22:20:09.966,1.05835,1.05863
2013.03.31 22:20:10.386,1.05827,1.05859
2013.03.31 22:20:20.305,1.05833,1.05864
2013.03.31 22:20:22.025,1.0583,1.05864
2013.03.31 22:20:29.146,1.05828,1.0586
2013.03.31 22:20:30.085,1.05832,1.05864
2013.03.31 22:20:31.276,1.05832,1.05864
2013.03.31 22:20:32.626,1.05837,1.05866
2013.03.31 22:20:45.406,1.05837,1.05866
2013.03.31 22:20:47.626,1.05837,1.05869
2013.03.31 22:20:48.017,1.05837,1.0587
2013.03.31 22:20:51.447,1.05841,1.05871
2013.03.31 22:21:03.527,1.05839,1.0587
2013.03.31 22:21:04.115,1.05835,1.05868
2013.03.31 22:21:04.175,1.0584,1.0587
2013.03.31 22:21:04.235,1.0584,1.05871
2013.03.31 22:21:33.345,1.05839,1.0587
2013.03.31 22:21:33.645,1.05839,1.05871
2013.03.31 22:21:34.065,1.05839,1.0587
2013.03.31 22:21:34.136,1.05839,1.05871
2013.03.31 22:21:43.883,1.05839,1.0587
2013.03.31 22:21:44.653,1.05838,1.05869
2013.03.31 22:21:45.145,1.05838,1.0587
2013.03.31 22:22:04.350,1.05841,1.05871
2013.03.31 22:22:05.552,1.05841,1.05871
2013.03.31 22:22:08.083,1.05841,1.05871
2013.03.31 22:22:14.647,1.05839,1.05871
2013.03.31 22:22:19.597,1.0584,1.05873
2013.03.31 22:22:27.606,1.05835,1.05867
2013.03.31 22:22:36.636,1.05835,1.05867
2013.03.31 22:22:36.756,1.05833,1.05866
2013.03.31 22:22:36.815,1.05829,1.05862
2013.03.31 22:22:36.875,1.05826,1.0586
2013.03.31 22:22:36.936,1.05825,1.05856
2013.03.31 22:22:37.376,1.05823,1.05856
2013.03.31 22:22:37.496,1.05835,1.05866
2013.03.31 22:22:39.785,1.0584,1.05874
2013.03.31 22:22:40.353,1.0584,1.05874
2013.03.31 22:22:44.395,1.0584,1.05874
2013.03.31 22:22:59.706,1.05841,1.05874
2013.03.31 22:23:13.531,1.05844,1.05877
2013.03.31 22:23:16.281,1.05844,1.05877
2013.03.31 22:23:17.166,1.05844,1.05874
2013.03.31 22:23:17.488,1.05844,1.05877
2013.03.31 22:23:18.041,1.05844,1.05877
2013.03.31 22:23:24.091,1.05844,1.05877
2013.03.31 22:23:57.156,1.05846,1.05878
2013.03.31 22:24:12.036,1.05847,1.05881
2013.03.31 22:24:12.096,1.05848,1.05883
2013.03.31 22:24:12.845,1.0585,1.05883
2013.03.31 22:24:13.416,1.05851,1.05884
2013.03.31 22:24:28.800,1.05851,1.05884
2013.03.31 22:24:33.675,1.0585,1.05882
2013.03.31 22:24:33.976,1.05851,1.05882
2013.03.31 22:24:43.476,1.05849,1.05878
2013.03.31 22:24:51.816,1.05845,1.05877
2013.03.31 22:24:52.328,1.05843,1.05873
2013.03.31 22:24:52.890,1.0584,1.05872
2013.03.31 22:24:54.266,1.05839,1.05868
2013.03.31 22:24:54.870,1.05837,1.05868
2013.03.31 22:24:55.346,1.05836,1.05868
2013.03.31 22:25:03.346,1.0583,1.05862
2013.03.31 22:25:03.890,1.05833,1.05862
2013.03.31 22:25:06.427,1.05827,1.05858
2013.03.31 22:25:13.896,1.05834,1.05858
2013.03.31 22:25:19.877,1.05831,1.05858
2013.03.31 22:25:44.526,1.0583,1.05861
2013.03.31 22:26:04.500,1.0583,1.05861
2013.03.31 22:26:05.205,1.05828,1.05859
2013.03.31 22:26:20.143,1.05827,1.05859
2013.03.31 22:26:24.556,1.05827,1.05858
2013.03.31 22:26:24.616,1.05825,1.05857
2013.03.31 22:26:25.252,1.05825,1.05857
2013.03.31 22:26:48.200,1.05823,1.05857
2013.03.31 22:26:51.798,1.05825,1.05857
2013.03.31 22:27:04.707,1.05824,1.05856
2013.03.31 22:27:14.806,1.05824,1.05853
2013.03.31 22:27:14.986,1.05823,1.05851
2013.03.31 22:27:15.937,1.05819,1.05851
2013.03.31 22:27:32.777,1.05816,1.0585
2013.03.31 22:27:48.947,1.05818,1.05851
2013.03.31 22:28:00.339,1.0582,1.05851
2013.03.31 22:28:00.517,1.05823,1.05855
2013.03.31 22:28:16.288,1.05827,1.05856
2013.03.31 22:28:19.719,1.05829,1.05859
2013.03.31 22:28:19.789,1.05829,1.0586
2013.03.31 22:28:20.812,1.05829,1.05862
2013.03.31 22:28:39.902,1.05829,1.05862
2013.03.31 22:28:54.076,1.05834,1.05863
2013.03.31 22:28:54.805,1.05834,1.05865
2013.03.31 22:28:55.606,1.05834,1.05866
2013.03.31 22:28:55.727,1.05837,1.0587
2013.03.31 22:28:55.787,1.05839,1.05874
2013.03.31 22:28:56.147,1.05842,1.05874
2013.03.31 22:28:56.267,1.05846,1.05876
2013.03.31 22:28:56.568,1.05848,1.05879
2013.03.31 22:28:56.748,1.05851,1.05881
2013.03.31 22:28:56.997,1.05851,1.05881
2013.03.31 22:28:57.318,1.05854,1.05886
2013.03.31 22:28:58.007,1.0585,1.05882
2013.03.31 22:28:58.068,1.05849,1.05879
2013.03.31 22:28:58.471,1.05845,1.05873
2013.03.31 22:29:05.157,1.05841,1.05873
2013.03.31 22:29:05.457,1.05841,1.05873
2013.03.31 22:29:12.358,1.05841,1.05873
2013.03.31 22:29:13.067,1.05842,1.05875
2013.03.31 22:29:13.187,1.05845,1.05876
2013.03.31 22:29:13.367,1.0585,1.05879
2013.03.31 22:29:13.427,1.05848,1.05879
2013.03.31 22:29:15.167,1.05843,1.05875
2013.03.31 22:29:15.398,1.05842,1.05875
2013.03.31 22:29:21.508,1.05843,1.05877
2013.03.31 22:29:29.107,1.05843,1.05874
2013.03.31 22:29:29.347,1.05839,1.05869
2013.03.31 22:29:29.408,1.05839,1.05866
2013.03.31 22:29:35.867,1.05834,1.05866
2013.03.31 22:29:40.317,1.05833,1.05866
2013.03.31 22:29:40.868,1.05834,1.05866
2013.03.31 22:29:40.927,1.05835,1.05866
2013.03.31 22:29:41.107,1.05838,1.05872
2013.03.31 22:30:00.957,1.05841,1.05873
2013.03.31 22:30:21.124,1.05842,1.05873
2013.03.31 22:30:41.246,1.05841,1.05875
2013.03.31 22:30:52.507,1.05837,1.0587
2013.03.31 22:30:52.808,1.05836,1.05869
2013.03.31 22:30:53.346,1.05834,1.05866
2013.03.31 22:31:12.856,1.05835,1.05868
2013.03.31 22:31:32.950,1.05833,1.05868
2013.03.31 22:31:46.600,1.05831,1.05864
2013.03.31 22:31:53.116,1.05831,1.05864
2013.03.31 22:32:13.197,1.05831,1.05864
2013.03.31 22:32:33.155,1.05831,1.05864
2013.03.31 22:32:53.276,1.05832,1.05866
2013.03.31 22:33:13.204,1.05832,1.05866
2013.03.31 22:33:47.397,1.05832,1.05864
2013.03.31 22:33:47.917,1.05832,1.05866
2013.03.31 22:33:53.367,1.05832,1.05864
2013.03.31 22:34:10.957,1.05837,1.05868
2013.03.31 22:34:11.018,1.05839,1.05868
2013.03.31 22:34:14.552,1.05839,1.05872
2013.03.31 22:34:28.842,1.05839,1.05872
2013.03.31 22:34:29.087,1.05832,1.05864
2013.03.31 22:34:29.147,1.0583,1.05862
2013.03.31 22:34:29.208,1.05831,1.05862
2013.03.31 22:34:29.818,1.05834,1.05867
2013.03.31 22:34:29.879,1.05835,1.05867
2013.03.31 22:35:20.541,1.05837,1.05868
2013.03.31 22:35:21.084,1.05837,1.05869
2013.03.31 22:35:21.918,1.05837,1.05869
2013.03.31 22:35:22.347,1.05842,1.05873
2013.03.31 22:35:23.707,1.05842,1.05874
2013.03.31 22:35:23.828,1.05846,1.05879
2013.03.31 22:35:31.918,1.05846,1.05878
2013.03.31 22:35:43.818,1.05847,1.05878
2013.03.31 22:35:44.374,1.05848,1.0588
2013.03.31 22:35:45.871,1.05853,1.0588
2013.03.31 22:35:46.118,1.05853,1.05884
2013.03.31 22:35:46.238,1.05854,1.05887
2013.03.31 22:35:46.298,1.05855,1.05888
2013.03.31 22:36:06.097,1.05857,1.0589
2013.03.31 22:36:06.457,1.05855,1.05888
2013.03.31 22:36:19.528,1.05855,1.05888
2013.03.31 22:36:19.588,1.05851,1.05883
2013.03.31 22:36:20.127,1.05851,1.05883
2013.03.31 22:36:20.467,1.05846,1.05879
2013.03.31 22:36:23.361,1.05847,1.05879
2013.03.31 22:36:24.360,1.05847,1.05878
2013.03.31 22:36:31.397,1.05847,1.05879
2013.03.31 22:36:31.518,1.05851,1.05879
2013.03.31 22:36:35.178,1.05852,1.05882
2013.03.31 22:36:35.417,1.05852,1.05885
2013.03.31 22:36:35.478,1.05856,1.05889
2013.03.31 22:36:38.655,1.05859,1.05892
2013.03.31 22:36:58.639,1.05859,1.05892
2013.03.31 22:37:03.328,1.0586,1.05892
2013.03.31 22:37:03.388,1.05861,1.05894
2013.03.31 22:37:15.730,1.05865,1.05897
2013.03.31 22:37:15.850,1.0587,1.05899
2013.03.31 22:37:16.088,1.05871,1.05903
2013.03.31 22:37:16.328,1.05872,1.05904
2013.03.31 22:37:16.878,1.05874,1.05907
2013.03.31 22:37:30.317,1.0587,1.05904
2013.03.31 22:37:30.378,1.0587,1.05903
2013.03.31 22:37:32.121,1.0587,1.05904
2013.03.31 22:37:37.063,1.05871,1.05904
2013.03.31 22:37:37.797,1.05871,1.05903
2013.03.31 22:37:38.098,1.05866,1.05898
2013.03.31 22:37:38.158,1.05864,1.05898
2013.03.31 22:37:38.410,1.05863,1.05893
2013.03.31 22:37:38.658,1.0586,1.05893
2013.03.31 22:37:39.177,1.0586,1.05892
2013.03.31 22:37:42.228,1.0586,1.05889
2013.03.31 22:37:42.288,1.05856,1.05888
2013.03.31 22:37:42.409,1.05852,1.05885
2013.03.31 22:37:43.578,1.05851,1.05884
2013.03.31 22:37:44.550,1.05851,1.05882
2013.03.31 22:37:44.669,1.05849,1.05881
2013.03.31 22:37:45.732,1.05846,1.05866
2013.03.31 22:37:45.919,1.05836,1.05862
2013.03.31 22:37:46.038,1.05836,1.05862
2013.03.31 22:37:46.278,1.05828,1.0586
2013.03.31 22:37:52.349,1.05828,1.05862
2013.03.31 22:38:01.308,1.05828,1.0586
2013.03.31 22:38:05.148,1.05828,1.05861
2013.03.31 22:38:05.978,1.05826,1.05859
2013.03.31 22:38:06.549,1.05826,1.05858
2013.03.31 22:38:23.379,1.05827,1.05859
2013.03.31 22:38:42.657,1.05827,1.05859
2013.03.31 22:38:46.028,1.05829,1.05859
2013.03.31 22:39:33.387,1.05828,1.0586
2013.03.31 22:39:46.152,1.05822,1.05864
2013.03.31 22:39:55.556,1.05822,1.05864
2013.03.31 22:40:08.907,1.0581,1.05878
2013.03.31 22:40:11.835,1.0581,1.05878
2013.03.31 22:40:26.368,1.05826,1.05858
2013.03.31 22:40:28.336,1.05826,1.05858
2013.03.31 22:40:28.638,1.05826,1.05855
2013.03.31 22:40:29.154,1.05825,1.05853
2013.03.31 22:40:31.670,1.05821,1.05853
2013.03.31 22:40:31.998,1.05821,1.05853
2013.03.31 22:40:42.307,1.05823,1.05853
2013.03.31 22:40:48.534,1.05823,1.05853
2013.03.31 22:41:16.348,1.05826,1.05857
2013.03.31 22:41:16.579,1.05826,1.05858
2013.03.31 22:41:22.398,1.05828,1.05858
2013.03.31 22:41:22.459,1.05828,1.05857
2013.03.31 22:41:22.958,1.05826,1.05855
2013.03.31 22:41:28.535,1.05826,1.05855
2013.03.31 22:41:28.838,1.05826,1.05858
2013.03.31 22:41:37.348,1.05831,1.05859
2013.03.31 22:41:39.868,1.05826,1.05859
2013.03.31 22:41:39.989,1.05833,1.05863
2013.03.31 22:41:40.049,1.0584,1.05865
2013.03.31 22:41:40.113,1.05836,1.05865
2013.03.31 22:41:40.252,1.05833,1.05864
2013.03.31 22:41:40.318,1.05831,1.05864
2013.03.31 22:41:40.678,1.05825,1.05856
2013.03.31 22:41:42.308,1.05824,1.05856
2013.03.31 22:41:42.429,1.05822,1.05855
2013.03.31 22:41:53.128,1.05819,1.05852
2013.03.31 22:41:53.248,1.05815,1.05847
2013.03.31 22:42:06.638,1.05814,1.05847
2013.03.31 22:42:13.318,1.05814,1.05849
2013.03.31 22:42:33.733,1.05814,1.05847
2013.03.31 22:42:39.595,1.05815,1.05847
2013.03.31 22:42:39.839,1.05815,1.05847
2013.03.31 22:42:40.559,1.0582,1.05852
2013.03.31 22:42:40.629,1.0582,1.05852
2013.03.31 22:42:40.809,1.05822,1.05856
2013.03.31 22:42:41.170,1.05822,1.05855
2013.03.31 22:42:41.289,1.05821,1.05851
2013.03.31 22:42:54.946,1.05819,1.05849
2013.03.31 22:43:01.399,1.05816,1.05849
2013.03.31 22:43:02.189,1.05815,1.05849
2013.03.31 22:43:02.369,1.05821,1.05853
2013.03.31 22:43:02.636,1.05821,1.05854
2013.03.31 22:43:02.768,1.05826,1.05859
2013.03.31 22:43:05.568,1.05826,1.05858
2013.03.31 22:43:13.628,1.05826,1.05859
2013.03.31 22:43:23.528,1.05829,1.05862
2013.03.31 22:43:42.858,1.05831,1.05862
2013.03.31 22:43:47.769,1.05829,1.05862
2013.03.31 22:43:48.069,1.05829,1.05863
2013.03.31 22:44:07.998,1.05833,1.05863
2013.03.31 22:44:13.713,1.05831,1.05866
2013.03.31 22:45:08.253,1.05813,1.05879
2013.03.31 22:45:13.502,1.05814,1.05878
2013.03.31 22:45:16.077,1.05814,1.05878
2013.03.31 22:45:16.563,1.05812,1.05879
2013.03.31 22:45:28.277,1.05827,1.05867
2013.03.31 22:45:48.308,1.05829,1.05864
2013.03.31 22:45:48.781,1.05829,1.05862
2013.03.31 22:46:08.398,1.05831,1.05863
2013.03.31 22:46:13.149,1.05831,1.05864
2013.03.31 22:46:13.699,1.05831,1.05863
2013.03.31 22:46:21.591,1.05831,1.05864
2013.03.31 22:46:28.379,1.05832,1.05864
2013.03.31 22:46:38.108,1.05831,1.05864
2013.03.31 22:46:39.118,1.05832,1.05864
2013.03.31 22:46:43.398,1.05831,1.05864
2013.03.31 22:46:43.869,1.05832,1.05865
2013.03.31 22:46:48.448,1.05832,1.05864
2013.03.31 22:47:08.478,1.05832,1.05864
2013.03.31 22:47:13.889,1.05836,1.05868
2013.03.31 22:47:14.069,1.05838,1.05868
2013.03.31 22:47:15.851,1.05838,1.05868
2013.03.31 22:47:15.910,1.05838,1.05868
2013.03.31 22:47:16.219,1.05834,1.05864
2013.03.31 22:47:43.379,1.05831,1.05864
2013.03.31 22:47:43.870,1.05832,1.05864
2013.03.31 22:48:06.541,1.05831,1.05864
2013.03.31 22:48:07.630,1.05831,1.05864
2013.03.31 22:48:16.039,1.05828,1.05868
2013.03.31 22:48:29.849,1.05825,1.05867
2013.03.31 22:48:55.829,1.05837,1.05871
2013.03.31 22:48:56.139,1.05835,1.05866
2013.03.31 22:49:00.348,1.05835,1.05866
2013.03.31 22:49:00.649,1.05835,1.05866
2013.03.31 22:49:00.889,1.05835,1.05866
2013.03.31 22:49:16.129,1.05836,1.05868
2013.03.31 22:49:17.828,1.05838,1.05868
2013.03.31 22:49:18.339,1.05842,1.05875
2013.03.31 22:49:21.359,1.05841,1.05873
2013.03.31 22:49:21.560,1.05837,1.0587
2013.03.31 22:49:21.790,1.05838,1.0587
2013.03.31 22:49:41.468,1.05841,1.05872
2013.03.31 22:49:57.339,1.05842,1.05873
2013.03.31 22:50:41.568,1.05841,1.05873
2013.03.31 22:50:57.597,1.05839,1.05875
2013.03.31 22:51:06.066,1.05841,1.05873
2013.03.31 22:51:16.321,1.05841,1.05874
2013.03.31 22:51:19.830,1.05841,1.05873
2013.03.31 22:51:20.380,1.05841,1.05873
2013.03.31 22:51:24.557,1.0584,1.05873
2013.03.31 22:51:41.751,1.05844,1.05874
2013.03.31 22:51:42.488,1.05844,1.05876
2013.03.31 22:52:01.879,1.05843,1.05874
2013.03.31 22:52:07.439,1.05846,1.05878
2013.03.31 22:52:15.137,1.05847,1.05878
2013.03.31 22:52:27.466,1.05846,1.05878
2013.03.31 22:52:47.650,1.05847,1.05878
2013.03.31 22:53:07.431,1.05847,1.05878
2013.03.31 22:53:52.869,1.05846,1.05877
2013.03.31 22:53:53.230,1.05846,1.05878
2013.03.31 22:53:53.349,1.05847,1.05878
2013.03.31 22:53:53.599,1.05849,1.05878
2013.03.31 22:53:53.923,1.05852,1.05884
2013.03.31 22:53:54.074,1.05852,1.05884
2013.03.31 22:53:59.794,1.05854,1.05884
2013.03.31 22:54:00.564,1.05852,1.05886
2013.03.31 22:54:02.550,1.05854,1.05886
2013.03.31 22:54:03.094,1.05852,1.05886
2013.03.31 22:54:03.864,1.05854,1.05886
2013.03.31 22:54:07.054,1.05852,1.05886
2013.03.31 22:54:07.606,1.05854,1.05886
2013.03.31 22:54:08.374,1.05852,1.05886
2013.03.31 22:54:13.819,1.05853,1.05887
2013.03.31 22:54:53.714,1.05853,1.05887
2013.03.31 22:54:54.573,1.05855,1.05887
2013.03.31 22:55:13.829,1.05854,1.05888
2013.03.31 22:55:16.190,1.05854,1.05888
2013.03.31 22:55:16.799,1.05854,1.05888
2013.03.31 22:55:17.389,1.0586,1.05891
2013.03.31 22:55:41.092,1.05858,1.05891
2013.03.31 22:55:42.119,1.05858,1.05891
2013.03.31 22:56:02.286,1.05861,1.05895
2013.03.31 22:56:02.930,1.05862,1.05897
2013.03.31 22:56:07.359,1.05863,1.05897
2013.03.31 22:56:07.759,1.05867,1.05899
2013.03.31 22:56:07.999,1.05869,1.05899
2013.03.31 22:56:08.201,1.05873,1.05905
2013.03.31 22:56:28.122,1.05872,1.05904
2013.03.31 22:56:48.216,1.05872,1.05903
2013.03.31 22:56:49.411,1.05874,1.05903
2013.03.31 22:57:08.250,1.05874,1.05905
2013.03.31 22:57:08.639,1.05873,1.05905
2013.03.31 22:57:09.061,1.05874,1.05905
2013.03.31 22:57:41.470,1.05877,1.05906
2013.03.31 22:57:41.650,1.05881,1.0591
2013.03.31 22:57:41.841,1.05881,1.05913
2013.03.31 22:58:00.180,1.05881,1.05917
2013.03.31 22:58:01.920,1.05881,1.05917
2013.03.31 22:58:07.397,1.05876,1.05916
2013.03.31 22:58:07.639,1.0588,1.05911
2013.03.31 22:58:08.890,1.0588,1.05914
2013.03.31 22:58:10.150,1.0588,1.05911
2013.03.31 22:58:37.940,1.05875,1.05915
2013.03.31 22:58:38.359,1.05875,1.05915
2013.03.31 22:59:38.373,1.05858,1.05911
2013.03.31 22:59:45.283,1.05866,1.05911
2013.03.31 22:59:58.408,1.05856,1.05911
2013.03.31 22:59:58.481,1.05866,1.05911
2013.03.31 22:59:59.023,1.05867,1.05911
2013.03.31 23:00:01.590,1.05856,1.05911
2013.03.31 23:00:05.314,1.05854,1.05914
2013.03.31 23:00:17.462,1.0587,1.05908
2013.03.31 23:00:33.819,1.05867,1.05908
2013.03.31 23:01:08.111,1.05869,1.05905
2013.03.31 23:01:44.296,1.05866,1.05907
2013.03.31 23:02:44.544,1.05866,1.05916
2013.03.31 23:02:59.938,1.05866,1.05916
2013.03.31 23:03:17.854,1.05866,1.05916
2013.03.31 23:03:39.250,1.05864,1.05915
2013.03.31 23:03:50.421,1.05864,1.05914
2013.03.31 23:03:50.720,1.05868,1.05914
2013.03.31 23:04:37.774,1.05864,1.05918
2013.03.31 23:04:43.390,1.05864,1.05918
2013.03.31 23:04:53.519,1.05864,1.05918
2013.03.31 23:05:00.350,1.05864,1.05907
2013.03.31 23:05:00.550,1.05865,1.05907
2013.03.31 23:05:10.871,1.05864,1.05912
2013.03.31 23:05:16.110,1.05864,1.05912
2013.03.31 23:05:18.439,1.05864,1.05912
2013.03.31 23:05:24.059,1.05864,1.05912
2013.03.31 23:05:26.049,1.05865,1.05912
2013.03.31 23:05:30.749,1.05865,1.05912
2013.03.31 23:05:35.010,1.05858,1.05912
2013.03.31 23:05:35.353,1.05864,1.05904
2013.03.31 23:05:38.356,1.05865,1.05903
2013.03.31 23:05:39.532,1.05865,1.05903
2013.03.31 23:05:55.593,1.05864,1.05907
2013.03.31 23:06:55.757,1.05864,1.05918
2013.03.31 23:06:56.130,1.05867,1.05905
2013.03.31 23:07:00.941,1.05871,1.05904
2013.03.31 23:07:11.811,1.05871,1.05901
2013.03.31 23:07:12.533,1.05866,1.059
2013.03.31 23:07:12.590,1.05866,1.05903
2013.03.31 23:07:13.138,1.05866,1.05903
2013.03.31 23:07:17.870,1.05872,1.05904
2013.03.31 23:07:18.201,1.05879,1.05918
2013.03.31 23:07:18.320,1.05879,1.05914
2013.03.31 23:07:18.836,1.05879,1.05914
2013.03.31 23:07:21.250,1.05876,1.05914
2013.03.31 23:07:39.560,1.05877,1.05914
2013.03.31 23:07:43.273,1.0588,1.05914
2013.03.31 23:07:44.557,1.0588,1.05914
2013.03.31 23:08:18.412,1.05871,1.05925
2013.03.31 23:08:20.692,1.05881,1.05914
2013.03.31 23:08:29.152,1.05881,1.05914
2013.03.31 23:09:18.590,1.05882,1.05922
2013.03.31 23:09:21.397,1.05882,1.05917
2013.03.31 23:09:40.589,1.05883,1.05917
2013.03.31 23:10:13.422,1.05881,1.05915
2013.03.31 23:10:22.829,1.05881,1.05914
2013.03.31 23:10:35.399,1.05882,1.05914
2013.03.31 23:10:41.931,1.05881,1.0591
2013.03.31 23:11:01.991,1.05881,1.05909
2013.03.31 23:11:22.051,1.05882,1.05912
2013.03.31 23:11:23.018,1.0588,1.05912
2013.03.31 23:11:42.090,1.0588,1.0591
2013.03.31 23:12:02.170,1.0588,1.05911
2013.03.31 23:12:22.191,1.0588,1.05911
2013.03.31 23:12:42.262,1.0588,1.05912
2013.03.31 23:13:02.381,1.05881,1.05913
2013.03.31 23:13:22.380,1.0588,1.05913
2013.03.31 23:13:29.842,1.05882,1.0591
2013.03.31 23:13:30.569,1.05882,1.05908
2013.03.31 23:13:31.102,1.05882,1.0591
2013.03.31 23:13:50.351,1.05882,1.05909
2013.03.31 23:13:51.718,1.05876,1.05907
2013.03.31 23:13:55.536,1.05876,1.05905
2013.03.31 23:14:01.621,1.05876,1.05905
2013.03.31 23:14:02.101,1.05872,1.05901
2013.03.31 23:14:03.211,1.05876,1.05903
2013.03.31 23:14:08.891,1.05876,1.05903
2013.03.31 23:14:20.836,1.05876,1.05903
2013.03.31 23:14:23.377,1.05876,1.05903
2013.03.31 23:15:03.301,1.05876,1.05902
2013.03.31 23:15:23.401,1.05873,1.05902
2013.03.31 23:15:43.411,1.05874,1.05902
2013.03.31 23:16:23.562,1.05874,1.05904
2013.03.31 23:16:32.432,1.05877,1.05904
2013.03.31 23:16:32.853,1.05876,1.05904
2013.03.31 23:16:36.832,1.05877,1.05904
2013.03.31 23:16:37.252,1.0588,1.05909
2013.03.31 23:16:57.320,1.0588,1.05907
2013.03.31 23:16:57.783,1.05878,1.05905
2013.03.31 23:17:17.265,1.05878,1.05905
2013.03.31 23:17:36.825,1.05878,1.05906
2013.03.31 23:17:37.150,1.05878,1.05909
2013.03.31 23:17:37.212,1.05882,1.0591
2013.03.31 23:17:57.357,1.05881,1.05909
2013.03.31 23:18:01.633,1.05881,1.05908
2013.03.31 23:18:17.292,1.0588,1.05907
2013.03.31 23:18:37.422,1.05879,1.05906
2013.03.31 23:18:39.893,1.05873,1.059
2013.03.31 23:18:40.252,1.05869,1.05896
2013.03.31 23:18:41.072,1.05873,1.05899
2013.03.31 23:18:41.502,1.05868,1.05897
2013.03.31 23:19:14.904,1.05868,1.05895
2013.03.31 23:19:19.131,1.05868,1.05897
2013.03.31 23:19:41.536,1.05864,1.05899
2013.03.31 23:20:19.267,1.05857,1.05908
2013.03.31 23:20:20.141,1.05857,1.05908
2013.03.31 23:20:21.738,1.05864,1.05899
2013.03.31 23:20:22.279,1.05868,1.05896
2013.03.31 23:20:41.853,1.05868,1.05897
2013.03.31 23:20:50.572,1.0587,1.05897
2013.03.31 23:20:50.992,1.05868,1.05894
2013.03.31 23:21:11.052,1.05867,1.05894
2013.03.31 23:21:28.862,1.05867,1.05894
2013.03.31 23:21:29.369,1.05867,1.05894
2013.03.31 23:21:30.972,1.05868,1.05894
2013.03.31 23:21:35.812,1.05868,1.05896
2013.03.31 23:21:35.933,1.05872,1.05899
2013.03.31 23:21:36.412,1.05876,1.05904
2013.03.31 23:22:06.809,1.05878,1.05904
2013.03.31 23:22:07.632,1.05877,1.05903
2013.03.31 23:22:16.514,1.05877,1.05904
2013.03.31 23:22:34.112,1.05878,1.05904
2013.03.31 23:22:35.134,1.05877,1.05904
2013.03.31 23:22:37.768,1.05878,1.05904
2013.03.31 23:22:38.072,1.05887,1.05913
2013.03.31 23:22:38.849,1.05887,1.05913
2013.03.31 23:22:58.062,1.05887,1.05915
2013.03.31 23:22:58.625,1.05887,1.05915
2013.03.31 23:23:00.095,1.05888,1.05915
2013.03.31 23:23:01.192,1.05887,1.05915
2013.03.31 23:23:09.642,1.05888,1.05916
2013.03.31 23:23:10.134,1.05894,1.05918
2013.03.31 23:23:10.313,1.05897,1.05924
2013.03.31 23:23:10.823,1.05896,1.05923
2013.03.31 23:23:10.884,1.05893,1.05919
2013.03.31 23:23:28.153,1.05892,1.05918
2013.03.31 23:23:28.213,1.05888,1.05914
2013.03.31 23:23:28.273,1.05887,1.05914
2013.03.31 23:23:28.573,1.05885,1.05911
2013.03.31 23:23:28.693,1.05882,1.05908
2013.03.31 23:23:28.753,1.05881,1.05908
2013.03.31 23:23:29.912,1.05876,1.05904
2013.03.31 23:23:42.911,1.05878,1.05906
2013.03.31 23:23:43.034,1.05881,1.05909
2013.03.31 23:23:43.643,1.05879,1.05906
2013.03.31 23:24:03.752,1.05877,1.05906
2013.03.31 23:24:07.357,1.05877,1.05904
2013.03.31 23:24:23.758,1.05875,1.05903
2013.03.31 23:24:54.123,1.05875,1.05902
2013.03.31 23:25:22.082,1.05874,1.05903
2013.03.31 23:25:22.632,1.05872,1.05901
2013.03.31 23:25:23.153,1.05874,1.05903
2013.03.31 23:25:24.043,1.05874,1.05901
2013.03.31 23:25:24.571,1.05873,1.059
2013.03.31 23:25:29.855,1.05872,1.05899
2013.03.31 23:26:24.108,1.05867,1.05904
2013.03.31 23:26:30.052,1.05858,1.0591
2013.03.31 23:27:04.322,1.05857,1.05916
2013.03.31 23:27:19.992,1.05868,1.05909
2013.03.31 23:27:24.282,1.05867,1.05909
2013.03.31 23:27:24.643,1.0587,1.05901
2013.03.31 23:27:44.283,1.05872,1.059
2013.03.31 23:28:04.323,1.05872,1.05901
2013.03.31 23:29:04.400,1.05863,1.05909
2013.03.31 23:29:05.579,1.05867,1.05909
2013.03.31 23:29:15.352,1.05868,1.05903
2013.03.31 23:29:16.342,1.05868,1.05901
2013.03.31 23:29:44.763,1.05871,1.05899
2013.03.31 23:29:55.159,1.05869,1.05899
2013.03.31 23:30:16.568,1.05865,1.05909
2013.03.31 23:30:30.183,1.05868,1.059
2013.03.31 23:31:10.279,1.05868,1.059
2013.03.31 23:31:30.404,1.0587,1.059
2013.03.31 23:31:50.489,1.0587,1.059
2013.03.31 23:31:51.092,1.05869,1.059
2013.03.31 23:32:13.373,1.0587,1.05899
2013.03.31 23:32:13.891,1.05869,1.05894
2013.03.31 23:32:33.370,1.05869,1.05895
2013.03.31 23:32:52.819,1.05878,1.05904
2013.03.31 23:32:56.290,1.05877,1.05904
2013.03.31 23:32:57.584,1.05873,1.059
2013.03.31 23:32:57.644,1.05872,1.059
2013.03.31 23:32:57.825,1.05867,1.05897
2013.03.31 23:33:17.918,1.05867,1.05896
2013.03.31 23:33:18.272,1.05866,1.05895
2013.03.31 23:33:37.994,1.05869,1.05896
2013.03.31 23:33:38.543,1.05869,1.05898
2013.03.31 23:33:57.854,1.05867,1.05898
2013.03.31 23:33:57.914,1.05865,1.05897
2013.03.31 23:34:04.055,1.05867,1.05894
2013.03.31 23:34:24.414,1.05866,1.05896
2013.03.31 23:34:27.038,1.05866,1.05895
2013.03.31 23:34:41.174,1.05866,1.05896
2013.03.31 23:34:42.125,1.05866,1.05895
2013.03.31 23:34:43.144,1.05865,1.05895
2013.03.31 23:34:44.387,1.05863,1.05893
2013.03.31 23:34:49.809,1.05864,1.05893
2013.03.31 23:35:11.138,1.05866,1.05895
2013.03.31 23:35:12.787,1.05865,1.05895
2013.03.31 23:35:13.693,1.05861,1.05889
2013.03.31 23:35:13.769,1.05858,1.05884
2013.03.31 23:35:13.984,1.05859,1.05887
2013.03.31 23:35:34.084,1.05859,1.05885
2013.03.31 23:35:52.974,1.05861,1.05888
2013.03.31 23:35:53.572,1.05859,1.05885
2013.03.31 23:36:34.379,1.05856,1.05885
2013.03.31 23:36:44.537,1.05856,1.05885
2013.03.31 23:36:47.143,1.05857,1.05889
2013.03.31 23:36:48.364,1.05857,1.05889
2013.03.31 23:36:48.785,1.05856,1.05886
2013.03.31 23:36:54.995,1.05856,1.0589
2013.03.31 23:37:14.224,1.05856,1.05886
2013.03.31 23:37:48.911,1.05858,1.05889
2013.03.31 23:37:50.324,1.05858,1.05886
2013.03.31 23:37:50.865,1.05861,1.05889
2013.03.31 23:37:52.425,1.05858,1.05886
2013.03.31 23:37:53.805,1.05858,1.05885
2013.03.31 23:37:54.265,1.05862,1.05885
2013.03.31 23:37:56.115,1.05862,1.05885
2013.03.31 23:37:57.144,1.05862,1.05889
2013.03.31 23:37:58.114,1.05864,1.05889
2013.03.31 23:38:18.174,1.05866,1.0589
2013.03.31 23:38:37.964,1.0587,1.05894
2013.03.31 23:38:38.145,1.05874,1.05899
2013.03.31 23:38:38.354,1.05874,1.05899
2013.03.31 23:38:58.234,1.05874,1.059
2013.03.31 23:39:18.308,1.05875,1.059
2013.03.31 23:39:38.395,1.05873,1.05902
2013.03.31 23:39:58.844,1.05875,1.05902
2013.03.31 23:40:18.615,1.05875,1.05901
2013.03.31 23:40:29.866,1.05875,1.059
2013.03.31 23:40:30.224,1.05883,1.05909
2013.03.31 23:40:30.404,1.05883,1.05909
2013.03.31 23:40:50.195,1.05883,1.0591
2013.03.31 23:41:10.182,1.05884,1.05909
2013.03.31 23:41:30.354,1.05885,1.05912
2013.03.31 23:41:30.524,1.05885,1.05913
2013.03.31 23:41:31.915,1.05885,1.05909
2013.03.31 23:41:50.305,1.05885,1.05913
2013.03.31 23:42:10.365,1.05888,1.05915
2013.03.31 23:42:11.791,1.05888,1.05915
2013.03.31 23:43:10.626,1.05887,1.05914
2013.03.31 23:43:12.091,1.05887,1.05915
2013.03.31 23:43:17.164,1.05881,1.05914
2013.03.31 23:43:17.569,1.05881,1.05912
2013.03.31 23:43:19.435,1.05881,1.05909
2013.03.31 23:43:24.446,1.05881,1.05909
2013.03.31 23:43:28.569,1.05881,1.05909
2013.03.31 23:43:39.355,1.05877,1.05909
2013.03.31 23:44:28.623,1.05874,1.05909
2013.03.31 23:44:39.580,1.05865,1.05918
2013.03.31 23:44:55.125,1.05877,1.05918
2013.03.31 23:44:58.598,1.05877,1.05915
2013.03.31 23:44:59.425,1.05876,1.05908
2013.03.31 23:45:14.585,1.05876,1.05905
2013.03.31 23:45:26.366,1.05876,1.05906
2013.03.31 23:45:39.525,1.05875,1.05904
2013.03.31 23:46:03.415,1.05875,1.05904
2013.03.31 23:46:08.897,1.05875,1.05902
2013.03.31 23:46:09.256,1.0587,1.05899
2013.03.31 23:46:09.616,1.05866,1.05895
2013.03.31 23:46:10.346,1.05866,1.05895
2013.03.31 23:46:29.474,1.05864,1.05895
2013.03.31 23:46:29.787,1.05863,1.05893
2013.03.31 23:46:37.225,1.05859,1.05889
2013.03.31 23:46:37.406,1.05859,1.05888
2013.03.31 23:46:57.645,1.05859,1.05889
2013.03.31 23:47:05.576,1.05859,1.05889
2013.03.31 23:47:14.988,1.05859,1.05889
2013.03.31 23:47:15.061,1.05859,1.05889
2013.03.31 23:47:18.906,1.05861,1.0589
2013.03.31 23:47:19.087,1.05866,1.05894
2013.03.31 23:47:19.326,1.0587,1.05898
2013.03.31 23:47:23.596,1.0587,1.05901
2013.03.31 23:47:24.579,1.0587,1.05899
2013.03.31 23:47:32.382,1.0587,1.05899
2013.03.31 23:47:38.317,1.0587,1.05899
2013.03.31 23:47:39.386,1.05869,1.05899
2013.03.31 23:47:45.836,1.05874,1.05903
2013.03.31 23:47:55.947,1.05873,1.05903
2013.03.31 23:47:59.106,1.05874,1.05903
2013.03.31 23:47:59.586,1.05874,1.05904
2013.03.31 23:48:05.817,1.05876,1.05905
2013.03.31 23:48:43.556,1.05876,1.05905
2013.03.31 23:48:43.826,1.05872,1.05901
2013.03.31 23:49:03.876,1.05872,1.05902
2013.03.31 23:49:16.896,1.05873,1.05903
2013.03.31 23:49:23.949,1.05876,1.05904
2013.03.31 23:49:24.764,1.05876,1.05905
2013.03.31 23:49:45.836,1.05875,1.05905
2013.03.31 23:49:50.456,1.05876,1.05905
2013.03.31 23:49:50.576,1.05878,1.05908
2013.03.31 23:49:55.375,1.0588,1.05909
2013.03.31 23:49:56.354,1.05881,1.05909
2013.03.31 23:50:10.566,1.05881,1.05911
2013.03.31 23:50:21.157,1.05884,1.05914
2013.03.31 23:50:30.696,1.05884,1.05914
2013.03.31 23:50:31.156,1.05883,1.05913
2013.03.31 23:50:49.053,1.05884,1.05914
2013.03.31 23:51:30.760,1.05883,1.05914
2013.03.31 23:51:49.114,1.05881,1.05914
2013.03.31 23:51:50.956,1.05879,1.05912
2013.03.31 23:51:52.639,1.05882,1.05909
2013.03.31 23:51:53.256,1.0588,1.05908
2013.03.31 23:51:54.076,1.05875,1.05905
2013.03.31 23:52:01.008,1.05878,1.05907
2013.03.31 23:52:06.436,1.05878,1.05903
2013.03.31 23:52:17.886,1.05877,1.05903
2013.03.31 23:52:24.943,1.05877,1.05906
2013.03.31 23:52:25.140,1.05878,1.05907
2013.03.31 23:52:40.597,1.05878,1.05907
2013.03.31 23:52:40.778,1.05883,1.0591
2013.03.31 23:52:52.801,1.05882,1.0591
2013.03.31 23:52:53.504,1.05881,1.05904
2013.03.31 23:52:53.881,1.05882,1.05907
2013.03.31 23:53:10.299,1.0588,1.05906
2013.03.31 23:53:10.567,1.0588,1.05907
2013.03.31 23:53:20.967,1.05882,1.05908
2013.03.31 23:53:43.296,1.05883,1.05908
2013.03.31 23:53:43.417,1.05883,1.0591
2013.03.31 23:53:47.136,1.05883,1.0591
2013.03.31 23:53:47.258,1.05881,1.05908
2013.03.31 23:53:56.810,1.05883,1.05908
2013.03.31 23:54:31.828,1.05881,1.05908
2013.03.31 23:54:31.886,1.05881,1.0591
2013.03.31 23:54:41.223,1.05886,1.05914
2013.03.31 23:55:01.897,1.05886,1.05914
2013.03.31 23:55:16.910,1.05885,1.05914
2013.03.31 23:55:17.128,1.05885,1.05911
2013.03.31 23:55:17.599,1.05885,1.05911
2013.03.31 23:55:23.319,1.05885,1.05911
2013.03.31 23:55:23.437,1.05885,1.05914
2013.03.31 23:55:23.885,1.05885,1.05912
2013.03.31 23:55:30.257,1.05883,1.05909
2013.03.31 23:55:30.933,1.05885,1.05911
2013.03.31 23:55:39.946,1.05886,1.05914
2013.03.31 23:55:44.448,1.05881,1.0591
2013.03.31 23:55:44.828,1.05881,1.0591
2013.03.31 23:55:45.186,1.05886,1.05912
2013.03.31 23:56:05.168,1.05887,1.05912
2013.03.31 23:56:07.319,1.05887,1.0591
2013.03.31 23:56:21.407,1.05888,1.05914
2013.03.31 23:56:21.527,1.05888,1.05915
2013.03.31 23:56:27.606,1.05891,1.05914
2013.03.31 23:56:28.195,1.05889,1.05914
2013.03.31 23:56:39.439,1.05889,1.05914
2013.03.31 23:56:56.571,1.05889,1.05915
2013.03.31 23:57:03.086,1.05889,1.05915
2013.03.31 23:57:07.646,1.05892,1.05915
2013.03.31 23:57:17.337,1.05891,1.05915
2013.03.31 23:57:33.086,1.05892,1.05915
2013.03.31 23:57:33.337,1.05893,1.05919
2013.03.31 23:57:41.366,1.05892,1.05919
2013.03.31 23:57:41.427,1.05892,1.05919
2013.03.31 23:57:57.097,1.05892,1.05917
2013.03.31 23:58:12.168,1.05891,1.05917
2013.03.31 23:58:13.496,1.05891,1.05918
2013.03.31 23:58:33.365,1.0589,1.05917
2013.03.31 23:58:44.886,1.05889,1.05916
2013.03.31 23:59:15.794,1.0589,1.05919
2013.03.31 23:59:23.384,1.05887,1.05916
2013.03.31 23:59:33.482,1.05886,1.05921
2013.03.31 23:59:33.815,1.05889,1.05917
2013.03.31 23:59:48.607,1.05892,1.05918
2013.03.31 23:59:48.787,1.05892,1.05918
2013.03.31 23:59:49.147,1.05899,1.05926
2013.03.31 23:59:50.115,1.05899,1.05926